{"cameraMode":{"drawMode":0,"name":"Shaded","section":"Shading Mode"},"sceneLighting":false,"audioPlay":false,"sceneViewState":{"showFog":true,"showMaterialUpdate":true,"showSkybox":false,"showFlares":true,"showImageEffects":true,"showParticleSystems":true},"in2DMode":false,"pivot":{"x":2.9589998722076418,"y":4.80975341796875,"z":-7.253856182098389},"rotation":{"x":-0.0686320811510086,"y":0.6526376008987427,"z":-0.05942073091864586,"w":-0.7522655725479126},"size":4.026642799377441,"orthographic":false}