{"cameraMode":{"drawMode":0,"name":"Shaded","section":"Shading Mode"},"sceneLighting":false,"audioPlay":false,"sceneViewState":{"showFog":true,"showMaterialUpdate":true,"showSkybox":false,"showFlares":true,"showImageEffects":true,"showParticleSystems":true},"in2DMode":false,"pivot":{"x":-1.1929044723510743,"y":4.587792873382568,"z":-16.19729995727539},"rotation":{"x":0.07298025488853455,"y":0.1431083083152771,"z":-0.010581412352621556,"w":0.9869611263275147},"size":6.888903617858887,"orthographic":false}