{"cameraMode":{"drawMode":0,"name":"Shaded","section":"Shading Mode"},"sceneLighting":true,"audioPlay":false,"sceneViewState":{"showFog":true,"showMaterialUpdate":true,"showSkybox":true,"showFlares":true,"showImageEffects":true,"showParticleSystems":true},"in2DMode":false,"pivot":{"x":15.181440353393555,"y":2.923908233642578,"z":-17.16195297241211},"rotation":{"x":-0.004709055181592703,"y":0.20757624506950379,"z":-0.0009784650756046177,"w":-0.9782232046127319},"size":4.447042942047119,"orthographic":false}