{"cameraMode":{"drawMode":0,"name":"Shaded","section":"Shading Mode"},"sceneLighting":false,"audioPlay":false,"sceneViewState":{"showFog":true,"showMaterialUpdate":true,"showSkybox":false,"showFlares":true,"showImageEffects":true,"showParticleSystems":true},"in2DMode":false,"pivot":{"x":2.9589998722076418,"y":5.007999897003174,"z":-7.781000137329102},"rotation":{"x":0.0018148658564314247,"y":0.9928407073020935,"z":-0.015201307833194733,"w":0.11850874125957489},"size":1.8740427494049073,"orthographic":false}