{"cameraMode":{"drawMode":0,"name":"Shaded","section":"Shading Mode"},"sceneLighting":true,"audioPlay":false,"sceneViewState":{"showFog":true,"showMaterialUpdate":true,"showSkybox":true,"showFlares":true,"showImageEffects":true,"showParticleSystems":true},"in2DMode":false,"pivot":{"x":-0.2821437120437622,"y":0.7198232412338257,"z":-5.349999904632568},"rotation":{"x":-0.012261653319001198,"y":-0.22309601306915284,"z":-0.0028942583594471218,"w":0.9747649431228638},"size":6.725621223449707,"orthographic":false}