{"cameraMode":{"drawMode":0,"name":"Shaded","section":"Shading Mode"},"sceneLighting":false,"audioPlay":false,"sceneViewState":{"showFog":true,"showMaterialUpdate":true,"showSkybox":false,"showFlares":true,"showImageEffects":true,"showParticleSystems":true},"in2DMode":false,"pivot":{"x":-1.210719347000122e-8,"y":0.04322812706232071,"z":0.07738222926855087},"rotation":{"x":-0.2504901885986328,"y":-0.6177022457122803,"z":0.21707075834274293,"w":-0.7133131623268127},"size":3.4486024379730226,"orthographic":false}