{"cameraMode":{"drawMode":0,"name":"Shaded","section":"Shading Mode"},"sceneLighting":false,"audioPlay":false,"sceneViewState":{"showFog":true,"showMaterialUpdate":true,"showSkybox":false,"showFlares":true,"showImageEffects":true,"showParticleSystems":true},"in2DMode":false,"pivot":{"x":-8.260009765625,"y":2.5099945068359377,"z":-30.6200008392334},"rotation":{"x":-0.012365369126200676,"y":0.969794750213623,"z":-0.23917637765407563,"w":-0.049479205161333087},"size":9.191205978393555,"orthographic":false}