{"cameraMode":{"drawMode":0,"name":"Shaded","section":"Shading Mode"},"sceneLighting":true,"audioPlay":false,"sceneViewState":{"showFog":true,"showMaterialUpdate":true,"showSkybox":true,"showFlares":true,"showImageEffects":true,"showParticleSystems":true},"in2DMode":false,"pivot":{"x":1.352493166923523,"y":3.053377628326416,"z":-10.37040901184082},"rotation":{"x":-0.0063043930567801,"y":-0.04288947582244873,"z":0.00024541723541915417,"w":-0.9991315007209778},"size":2.68495774269104,"orthographic":false}