{"cameraMode":{"drawMode":0,"name":"Shaded","section":"Shading Mode"},"sceneLighting":false,"audioPlay":false,"sceneViewState":{"showFog":true,"showMaterialUpdate":true,"showSkybox":false,"showFlares":true,"showImageEffects":true,"showParticleSystems":true},"in2DMode":false,"pivot":{"x":2.9589998722076418,"y":5.007999897003174,"z":-7.781000137329102},"rotation":{"x":-0.2744113504886627,"y":0.09386316686868668,"z":-0.026852503418922426,"w":-0.9567617774009705},"size":1.8521205186843873,"orthographic":false}