{"cameraMode":{"drawMode":0,"name":"Shaded","section":"Shading Mode"},"sceneLighting":true,"audioPlay":false,"sceneViewState":{"showFog":true,"showMaterialUpdate":true,"showSkybox":true,"showFlares":true,"showImageEffects":true,"showParticleSystems":true},"in2DMode":false,"pivot":{"x":0.5890958309173584,"y":2.331087112426758,"z":-5.751124382019043},"rotation":{"x":0.1267254650592804,"y":-0.10691535472869873,"z":0.013773341663181782,"w":0.9861405491828919},"size":9.06843090057373,"orthographic":false}