{"cameraMode":{"drawMode":0,"name":"Shaded","section":"Shading Mode"},"sceneLighting":true,"audioPlay":false,"sceneViewState":{"showFog":true,"showMaterialUpdate":true,"showSkybox":true,"showFlares":true,"showImageEffects":true,"showParticleSystems":true},"in2DMode":false,"pivot":{"x":41.495235443115237,"y":-2.1908059120178224,"z":-14.291937828063965},"rotation":{"x":0.04932274669408798,"y":0.6271775364875794,"z":-0.040577832609415057,"w":0.7764344811439514},"size":33.743438720703128,"orthographic":false}