{"cameraMode":{"drawMode":0,"name":"Shaded","section":"Shading Mode"},"sceneLighting":false,"audioPlay":false,"sceneViewState":{"showFog":true,"showMaterialUpdate":true,"showSkybox":false,"showFlares":true,"showImageEffects":true,"showParticleSystems":true},"in2DMode":false,"pivot":{"x":1.8313621282577515,"y":-1.771146535873413,"z":6.713884353637695},"rotation":{"x":0.1079941913485527,"y":0.1115943118929863,"z":-0.012291019782423973,"w":0.9878315329551697},"size":10.655048370361329,"orthographic":false}