{"cameraMode":{"drawMode":0,"name":"Shaded","section":"Shading Mode"},"sceneLighting":true,"audioPlay":false,"sceneViewState":{"showFog":true,"showMaterialUpdate":true,"showSkybox":true,"showFlares":true,"showImageEffects":true,"showParticleSystems":true},"in2DMode":false,"pivot":{"x":8.057052612304688,"y":3.7478156089782717,"z":-3.240511894226074},"rotation":{"x":0.038026630878448489,"y":0.49555468559265139,"z":-0.02173001319169998,"w":0.8675273060798645},"size":4.430248260498047,"orthographic":false}