{"cameraMode":{"drawMode":0,"name":"Shaded","section":"Shading Mode"},"sceneLighting":true,"audioPlay":false,"sceneViewState":{"showFog":true,"showMaterialUpdate":true,"showSkybox":true,"showFlares":true,"showImageEffects":true,"showParticleSystems":true},"in2DMode":false,"pivot":{"x":-3.941256523132324,"y":-2.863609552383423,"z":12.806536674499512},"rotation":{"x":-0.11051321029663086,"y":0.10030224174261093,"z":-0.011270929127931595,"w":-0.9888007640838623},"size":11.092365264892579,"orthographic":false}