{"cameraMode":{"drawMode":0,"name":"Shaded","section":"Shading Mode"},"sceneLighting":false,"audioPlay":false,"sceneViewState":{"showFog":true,"showMaterialUpdate":true,"showSkybox":false,"showFlares":true,"showImageEffects":true,"showParticleSystems":true},"in2DMode":false,"pivot":{"x":-0.3768217861652374,"y":-0.4909130930900574,"z":-0.15844756364822389},"rotation":{"x":-0.04148450493812561,"y":0.5151378512382507,"z":-0.024729931727051736,"w":-0.8559101819992065},"size":4.161928653717041,"orthographic":false}