{"cameraMode":{"drawMode":0,"name":"Shaded","section":"Shading Mode"},"sceneLighting":false,"audioPlay":false,"sceneViewState":{"showFog":true,"showMaterialUpdate":true,"showSkybox":false,"showFlares":true,"showImageEffects":true,"showParticleSystems":true},"in2DMode":false,"pivot":{"x":-23.988685607910158,"y":5.389755725860596,"z":-28.93207550048828},"rotation":{"x":-0.2919550836086273,"y":-0.38303425908088686,"z":0.12911224365234376,"w":-0.8668712973594666},"size":15.831730842590332,"orthographic":false}