{"cameraMode":{"drawMode":0,"name":"Shaded","section":"Shading Mode"},"sceneLighting":false,"audioPlay":false,"sceneViewState":{"showFog":true,"showMaterialUpdate":true,"showSkybox":false,"showFlares":true,"showImageEffects":true,"showParticleSystems":true},"in2DMode":false,"pivot":{"x":-0.04100005328655243,"y":-0.19024640321731568,"z":0.44614359736442568},"rotation":{"x":-0.0142235541716218,"y":0.7095334529876709,"z":0.01419832557439804,"w":0.7044361233711243},"size":4.026643753051758,"orthographic":false}