{"cameraMode":{"drawMode":0,"name":"Shaded","section":"Shading Mode"},"sceneLighting":true,"audioPlay":false,"sceneViewState":{"showFog":true,"showMaterialUpdate":true,"showSkybox":true,"showFlares":true,"showImageEffects":true,"showParticleSystems":true},"in2DMode":false,"pivot":{"x":3.2484700679779054,"y":-5.7002997398376469,"z":6.7975311279296879},"rotation":{"x":-0.23750139772891999,"y":0.06318385154008866,"z":-0.015476380474865437,"w":-0.9692149758338928},"size":28.222484588623048,"orthographic":false}